Track URI,ISRC,Track Name,Album Name,Artist Name(s),Release Date,Duration (ms),Popularity,Explicit,Added By,Added At,Genres,Record Label,Danceability,Energy,Key,Loudness,Mode,Speechiness,Acousticness,Instrumentalness,Liveness,Valence,Tempo,Time Signature
spotify:track:2YihspRI9MHYbVkZRoECkv,US5KD1800021,"King Nas","DROGAS WAVE","Lupe Fiasco",2018-09-21,357649,34,false,31pnaeqkqsqrysuzac4g3n22yhcq,2024-12-17T18:03:58Z,"","1st and 15th Productions, Inc.",0.487,0.819,11,-6.737,0,0.374,0.157,0,0.107,0.199,174.445,4
spotify:track:3x6begxpmy9o0Sd1EtzOqC,QZS7J2408746,"Street Magic","The Skeleton Key","Roc Marciano;The Alchemist",2024-12-13,222226,0,true,31pnaeqkqsqrysuzac4g3n22yhcq,2024-12-29T02:29:49Z,"boom bap,underground hip hop,east coast hip hop,alternative hip hop,jazz rap,experimental hip hop","PIMPIRE RECORDS / MARCI ENTERPRISES",0.396,0.595,9,-12.185,1,0.131,0.616,0.000604,0.213,0.257,70.551,4
spotify:track:1m2W1pl5KcpAvUZtpG4JXc,USMC19858727,"Ain't Sayin' Nothin' New","Things Fall Apart","The Roots;Dice Raw",1999-02-23,274133,45,true,31pnaeqkqsqrysuzac4g3n22yhcq,2024-12-19T13:06:32Z,"jazz rap,east coast hip hop,hip hop","Geffen",0.763,0.656,11,-6.602,0,0.326,0.000335,0,0.207,0.57,92.907,4
spotify:track:71hXKEDaKHgYrn7kdLFpOx,USMC19858725,"Dynamite!","Things Fall Apart","The Roots;Rehani Sayed",1999-02-23,285706,49,true,31pnaeqkqsqrysuzac4g3n22yhcq,2024-12-20T05:00:15Z,"jazz rap,east coast hip hop,hip hop","Geffen",0.887,0.456,8,-7.956,0,0.298,0.0303,0,0.159,0.643,94.047,4
spotify:track:68Jj0TwlJyR7mnDKoer2ve,USUYG1439973,"The Horns of Abraxas (feat. Ice-T)","The Elephant Man's Bones","Roc Marciano;The Alchemist;ICE-T",2022-08-26,166040,28,true,31pnaeqkqsqrysuzac4g3n22yhcq,2024-12-26T19:10:23Z,"boom bap,underground hip hop,east coast hip hop,alternative hip hop,jazz rap,experimental hip hop,west coast hip hop,old school hip hop,gangster rap","ALC / Marci Enterprises / EMPIRE",0.554,0.702,9,-10.654,1,0.41,0.32,0.0000471,0.239,0.607,150.704,4
spotify:track:6rGi0GY8EYym1dZOFpa69f,USRC11901153,"Gat Damn","Bandana","Freddie Gibbs;Madlib",2019-06-28,170232,46,true,31pnaeqkqsqrysuzac4g3n22yhcq,2024-12-20T21:39:24Z,"jazz rap,alternative hip hop,experimental hip hop,plunderphonics","Madlib Invazion/ESGN/Keep Cool/RCA Records",0.776,0.547,6,-7.947,1,0.141,0.201,0.00001,0.114,0.843,85.249,4
spotify:track:5Emm0A35REXFDnnBmwKV63,USUYG1439972,"Trillion Cut (feat. Boldy James)","The Elephant Man's Bones","Roc Marciano;The Alchemist;Boldy James",2022-08-26,162053,36,true,31pnaeqkqsqrysuzac4g3n22yhcq,2024-12-21T08:49:31Z,"boom bap,underground hip hop,east coast hip hop,alternative hip hop,jazz rap,experimental hip hop","ALC / Marci Enterprises / EMPIRE",0.446,0.624,4,-12.133,1,0.401,0.553,0.00000483,0.237,0.597,92.875,4
spotify:track:4SYsnJ4uTLBQ8bpnKAUw08,US6680912925,"Codes and Cab Fare","No Poison No Paradise","Black Milk;Black Thought",2013-10-15,210413,0,true,31pnaeqkqsqrysuzac4g3n22yhcq,2024-12-28T11:46:17Z,"alternative hip hop,underground hip hop,east coast hip hop","Fat Beats Records",0.444,0.883,11,-8.171,0,0.296,0.149,0.0000365,0.274,0.485,89.338,4
spotify:track:1LsPDXA2x1iNv6gc2leOOE,USUYG1371030,"Makrel Jaxon","Pray For Haiti","Mach-Hommy",2021-05-21,120609,42,true,31pnaeqkqsqrysuzac4g3n22yhcq,2024-12-31T13:24:59Z,"experimental hip hop,boom bap,alternative hip hop,jazz rap","Griselda Records",0.328,0.613,1,-9.015,1,0.12,0.00211,0.0000178,0.119,0.399,139.833,1
spotify:track:5RlDYfphEpQaft5JDQfQko,QM6MZ2472140,"head.rap (ft. Madison McFerrin, Ogi, Jordan Ward)","head.rap (ft. Madison McFerrin, Ogi, Jordan Ward)","Saba;No ID;Madison McFerrin;Ogi;Jordan Ward",2024-04-26,189746,36,true,31pnaeqkqsqrysuzac4g3n22yhcq,2024-12-31T13:28:58Z,"alternative r&b,retro soul","From The Private Collection, LLP",0.817,0.494,9,-3.67,0,0.226,0.24,0,0.243,0.793,96.046,4
spotify:track:5hbpUs8trEqNLftzB57HZr,USUYG1439975,"Zig Zag Zig","The Elephant Man's Bones","Roc Marciano;The Alchemist",2022-08-26,169106,45,true,31pnaeqkqsqrysuzac4g3n22yhcq,2024-12-31T13:26:28Z,"boom bap,underground hip hop,east coast hip hop,alternative hip hop,jazz rap,experimental hip hop","ALC / Marci Enterprises / EMPIRE",0.654,0.671,11,-10.538,0,0.096,0.119,0.00000665,0.239,0.356,81.966,4
spotify:track:7xwQkGBliLat9F9F88fmLI,USUYG1405038,"Francois","Super Tecmo Bo","Boldy James;The Alchemist",2021-12-17,211266,44,true,31pnaeqkqsqrysuzac4g3n22yhcq,2024-12-08T18:31:31Z,"jazz rap,alternative hip hop,experimental hip hop,boom bap","ALC / Boldy James",0.512,0.795,2,-10.438,1,0.366,0.481,0.73,0.108,0.499,150.09,4
spotify:track:62wCJ41qEAobGOxrtdgo6X,QMFME2188626,"If I Had A Dollar (feat. Benjamin Earl Turner)","Few Good Things","Saba;Benjamin Earl Turner",2022-02-04,193640,32,true,31pnaeqkqsqrysuzac4g3n22yhcq,2024-12-02T06:26:40Z,"","Pivot Gang, LLC",0.789,0.578,9,-7.779,0,0.0466,0.0815,0.0000653,0.135,0.314,118.994,4
spotify:track:2GygHVLLlzbWVHlejhSIZU,QMDA62478849,"Steel Doors","You Only Die 1nce","Freddie Gibbs",2024-10-31,174000,0,true,31pnaeqkqsqrysuzac4g3n22yhcq,2024-12-31T13:32:47Z,"jazz rap,alternative hip hop","Freddie Gibbs",0.525,0.872,1,-6.441,0,0.764,0.293,0,0.274,0.344,158.096,4
spotify:track:7frJEBqz0olVg8sQpXD5BF,USMC19858728,"Double Trouble","Things Fall Apart","The Roots;Mos Def",1999-02-23,350400,40,true,31pnaeqkqsqrysuzac4g3n22yhcq,2024-12-19T14:16:09Z,"jazz rap,east coast hip hop,hip hop,old school hip hop","Geffen",0.714,0.797,7,-7.6,1,0.416,0.113,0,0.146,0.622,96.094,4
spotify:track:4Lk3RmYHzJia1Oz4Gfntpx,USUYG1224364,"Now & Later Gators","Fetti","Curren$y;Freddie Gibbs;The Alchemist",2018-10-31,153668,0,true,31pnaeqkqsqrysuzac4g3n22yhcq,2024-12-30T14:59:41Z,"southern hip hop,jazz rap,alternative hip hop,experimental hip hop,boom bap","ESGN / Jet Life Recordings / ALC",0.461,0.728,1,-9.243,0,0.219,0.11,0.0000149,0.18,0.541,67.42,4
spotify:track:3v6oMGduetl7GA67POX9Dm,USUG12408858,"Too Deep for the Intro","Friday Night Lights","J. Cole",2010-11-12,225247,65,true,31pnaeqkqsqrysuzac4g3n22yhcq,2024-12-31T13:26:59Z,"rap","Cole World, Inc. under exclusive license to Interscope Records",0.585,0.731,5,-7.111,0,0.23,0.507,0.0000239,0.0978,0.703,153.442,4
spotify:track:0nEVDOP0ZvU487xzhGyXbU,QZS7J2435270,"Chopstick","The Skeleton Key","Roc Marciano;The Alchemist",2024-12-13,161373,0,true,31pnaeqkqsqrysuzac4g3n22yhcq,2024-12-25T23:54:33Z,"boom bap,underground hip hop,east coast hip hop,alternative hip hop,jazz rap,experimental hip hop","PIMPIRE RECORDS / MARCI ENTERPRISES",0.461,0.772,2,-10.457,1,0.358,0.582,0.924,0.169,0.612,86.415,4
spotify:track:64ZY8h4UN2ULWvpwxiwFQO,USUYG1294346,"Mustard","The Price Of Tea In China (Deluxe Edition)","Boldy James;The Alchemist",2020-07-10,92506,20,true,31pnaeqkqsqrysuzac4g3n22yhcq,2024-12-31T13:31:08Z,"jazz rap,alternative hip hop,experimental hip hop,boom bap","ALC / Boldy James",0.819,0.41,1,-13.695,1,0.305,0.688,0.0000232,0.138,0.414,103.577,4
spotify:track:6ZLoHmR3b5H6KJx21K7eWe,QMDA62478850,"Walk It Off","You Only Die 1nce","Freddie Gibbs",2024-10-31,152500,0,true,31pnaeqkqsqrysuzac4g3n22yhcq,2024-12-31T13:32:29Z,"jazz rap,alternative hip hop","Freddie Gibbs",0.82,0.803,5,-6.636,0,0.0849,0.55,0,0.24,0.903,116.026,4
spotify:track:1ZiCTRaAxZBf0GoiGhkiRp,US5KD2400010,"Cake","Samurai","Lupe Fiasco",2024-06-28,202920,46,true,31pnaeqkqsqrysuzac4g3n22yhcq,2024-12-31T13:25:44Z,"","1st and 15th too",0.505,0.81,6,-4.989,0,0.135,0.0365,0.0000243,0.388,0.575,176.189,4
spotify:track:5zEz8va45DuY6YDP1KtYQ3,USUM70810604,"Criminal","Rising Down","The Roots;Truck North;Saigon",2008-04-29,248840,17,true,31pnaeqkqsqrysuzac4g3n22yhcq,2024-12-30T11:49:36Z,"jazz rap,east coast hip hop,hip hop","Def Jam Recordings",0.717,0.822,1,-4.082,1,0.138,0.0804,0.000836,0.138,0.364,93.301,4
spotify:track:2w5BtuWXISpB6NM4xPoeiR,USUG12402402,"Pricey (feat. Ari Lennox, Young Dro & Gucci Mane)","Might Delete Later","J. Cole;Ari Lennox;Young Dro;Gucci Mane",2024-04-05,295146,57,true,31pnaeqkqsqrysuzac4g3n22yhcq,2024-12-31T13:31:45Z,"rap,alternative r&b,neo soul,southern hip hop,crunk,trap","Cole World, Inc. under exclusive license to Interscope Records",0.657,0.718,2,-6.88,1,0.344,0.158,0,0.715,0.31,78.956,4
spotify:track:4OtA7ECDKVLamnuJAkFKou,USUM70810633,"Unwritten","Rising Down","The Roots;Mercedes Martinez",2008-04-29,82746,9,true,31pnaeqkqsqrysuzac4g3n22yhcq,2024-12-17T15:32:26Z,"jazz rap,east coast hip hop,hip hop","Def Jam Recordings",0.75,0.636,11,-7.889,1,0.157,0.137,0.00738,0.224,0.316,97.082,4
spotify:track:1NrUc0f7QZBYqgjj6ExNMG,USMC10500396,"Love is...","Be","Common",2005-01-01,250426,48,true,31pnaeqkqsqrysuzac4g3n22yhcq,2024-12-05T04:59:21Z,"hip hop,jazz rap,neo soul","Geffen",0.749,0.383,3,-12.722,0,0.339,0.313,0,0.312,0.718,90.128,4
